Tópico,Conteúdo
História,"Chácara surgiu como povoado, em 1863, na fazenda da Cachoeira, de propriedade de Severino Dias Tostes. Ali foi passada no dia 10 de janeiro daquele ano, a escritura de doação de cinco alqueires de terras, no valor de cento e cinqüenta contos de réis, feita por Iria Maria da Silva para a construção do Patrimônio da Capela de São Sebastião. Serviu como escrivão no ato, o Senhor Francisco Delgado Pinto, assinando a rodo da doadora que não sabia escrever, o cidadão Antônio José Duque e, como testemunhas, os senhores Antônio Henrique Barbosa, Joaquim Antônio da Silva, Antônio José Fonseca Sobrinho, Manoel Antônio da Fonseca, Romualdo Vieira e Acácio da Costa Pinto. Ao redor da capela desenvolveu-se o povoado que, poucos anos depois, isto é, em 1870, foi elevado à categoria de distrito de paz. E três anos mais tarde, foi criado o distrito policial. A lei nº 3276, de 30 de outubro de 1884, elevou o distrito à condição de freguesia. A divisão administrativa do Estado, em 1962, criou o município de Chácara, que foi oficialmente instalada em 1º de março de 1963. Anualmente em janeiro a cidade promove festa em homenagem ao padroeiro São Sebastião, além do carnaval, um dos maiores eventos culturais da cidade, mantendo a tradição dos concurso dos mascarados, trazendo para a cidade nesta época turistas de várias regiões. E a Exposição Agropecuária e o Torneio Leiteiro, geralmente no final do mês de agosto, e reconhecido como um dos melhores rodeio da região. A história de Chácara registra a presença de importantes personalidades como Cândido Teixeira Tostes, Barão de Catas Altas, Severino Dias Tostes, Teodorico Ribeiro de Assis, Dr. José Procópio Teixeira, Padre Leopoldo Caglianoni (primeiro vigário), Dr. João D`Avila, Cel Agenor Augusto Sampaio, Custódio Augusto de Resende e outros."
Informações,"Aqui está o horário de ônibus de Juiz de Fora para Chácara:
 De segunda a sexta:
 Juiz de Fora para Chácara
 06:20, 07:30, 10:00, 12:15, 13:30, 15:00, 16:15, 17:20, 18:30, 20:00, 22:45
 
 Chácara para Juiz de Fora
 05:30, 06:30, 07:30, 09:00, 11:15, 13:15, 14:45, 16:00, 17:10, 18:30, 21:45
 
 Sábados:
 Juiz de Fora para Chácara
 07:30, 10:00, 12:15, 14:00, 16:00, 18:15, 20:00
 
 Chácara para Juiz de Fora
 06:30, 09:00, 12:15, 14:00, 16:00, 17:10, 19:15
 
 Domingos e feriados:
 Juiz de Fora para Chácara
 07:30, 10:00, 12:15, 14:00, 16:00, 18:15, 20:00
 
 Chácara para Juiz de Fora
 06:30, 09:00, 12:15, 14:00, 16:00, 17:10, 19:15, 21:00"
Geografia,"Aspéctos Naturais
 O ambiente natural de Chácara configura-se por território pertencente à bacia do rio Paraíba do Sul, caracterizado pela abundância de recursos hídricos. Mesmo com a sua cobertura vegetal bastante devastada a presença de inúmeras nascentes merece destaque, em particular aquelas referentes ao rio Cágado. Através da lei municipal n°597 de 4 de abril de 2003, o município passou a integrar o Consórcio Intermunicipal de recuperação ambiental da Bacia do rio Cágado, uma organização cívil.
 O clima do município de Chácara pode ser classificado como tropical de altitude, caracterizado por dupla estacionalidade climática, com duas estações anuais bem definidas com verões chuvosos e invernos secos; a temperatura máxima anual do município é em torno de 27,9° C e as mínimas em torno de 15,3°C, sendo o indíce pluviométrico 1581mm/ano. O município está inserido em um domínio morfoclimático classificado por Ab’Saber como Mares de Morros, ou seja, o relevo local é bastante irregular com o predomínio do relevo montanhoso (66%), seguido do relevo ondulado (28%) com pouquissímas áreas planas (apenas 6%).
 Chácara abriga remanescentes do bioma Mata Atlântica, mesmo com a sua cobertura vegetal bastante devastada, como já dito. Este bioma, atualmente um dos mais ameaçados de extinção, é protegido pelo decreto federal n°750 de 10 de fevereiro de 1993. Embora extremamente degrado apresenta alto grau de endemismo, daí a grande importância da preservação dos resquicíos do bioma. O desmatamento generalizado das coberturas florestais nos conduz ao processo histórico de colonização da Zona da Mata, especialmente a partir do século XIX, devido à implantação da cafeicultura e, em seguida, da pecuária extensiva. Os resquícios isolados da Floresta Atlântica encontram-se em diversos níveis de degradação, e suas bordas são, freqüentemente, afetadas pelo desmatamento e por queimadas e cortes. Os fragmentos florestais remanescentes estão envoltos por extensos campos de gramíneas, cobertura vegetal mais abrangente da região, utilizados como pastagem para gado. Essas gramíneas são comumente mantidas por queima periódica, anual. Observa-se que muitas áreas de pastagens estão abandonadas e vêm sendo re-colonizadas por vegetação arbustiva, a qual pode evoluir para pequenas matas secundárias (capoeiras). Em relação às coberturas vegetais antrópicas, além das pastagens, ocorrem diversos tipos de cultivos agrícolas e bosques de reflorestamento comercial que utilizam, principalmente espécies de eucaliptos e de pinus. Os campos antrópicos de modo geral, e particularmente aqueles formados por capim gordura (Melinis minutiflora), sob um clima estacional (mais de 60 dias secos) e mantidos pelo fogo anual, poderão estar hoje diante de um processo de degradação dos solos e caminhando para a “savanização antrópica” (onde a regeneração, certamente, não possa mais fazerse naturalmente, mas, apenas, através do replantio de espécies adaptadas ao ambiente). A alternância de um período seco prolongado com um período de chuvas intensas e calor sobre um solo pouco protegido impõe a estes solos um processo acelerado de erosão e lixiviação, com rápida alteração de suas características. As áreas mais preservadas no município consistem em áreas de declividades altas, de difícil ocupação, estas localizadas a nordeste do município, na região de São José do Cágado, Boa Vista e Desengano. Também a sudoeste, na divisa com o município de Juiz de Fora, estende-se ampla cobertura remanescente, nas terras da Fazenda Floresta. Preponderam na zona rural do município extensas áreas de pastagem, enquanto na zona urbana cerca de 30% apenas é caracterizada pela presença de matas. Vale mencionar que o perímetro urbano caracteriza-se por apenas 30% de ocupações em termos de conjuntos edificados com preponderância de áreas rurais.
 A área da Zona da Mata Mineira situa-se no domínio central do planalto da Serra da Mantiqueira, apresentando altitude média de 600 m. As cotas mais baixas apresentam cerca de 240 m, e as cotas mais altas atingem em torno de 1100 m. Esta porção do Planalto da Mantiqueira possui um relevo constituído por pequenas serras alongadas na direção nordeste, que possuem segmentos de encostas íngremes, além de extensos domínios de colinas convexas de baixa amplitude altimétrica e encostas mais suaves. Ainda no tocante ao Planalto da Mantiqueira, este apresenta um espesso manto de alteração intempérica, ao qual associam-se várias ocorrências minerais de origem supergênica (bauxita, caulim, saibro). O relevo de colinas, com espessa cobertura coluvial, representa as porções mais dissecadas do Planalto. Destaca-se no município a dinâmica resultante da dissecação de encostas por processos areolares que acompanham o entalhe da drenagem fluvial. A classificação da dissecação, baseada no aprofundamento das incisões de drenagem no município é avaliada como fraca a moderada.
 Nos vales fluviais da Bacia do Rio Paraíba do Sul temos a morfologia de fundo encaixado, onde é comum a presença de corredeiras e cachoeiras, ou de fundos aplainados, onde ocorrem os alvéolos sedimentares. Estes alvéolos estão relacionados à sedimentação, de idade quaternária, das planícies de inundação e terraços fluviais, que se interdigitam com a base das rampas coluviais. Destacam-se, como principais alvéolos sedimentares, os depósitos do alto curso do Rio Paraibuna, de direção noroeste, do Córrego São Pedro e Ribeirão Divino Espírito Santo, em segmentos do Rio Cágado, além dos diversos alvéolos de direção nordeste situados entre Bicas, São João Nepomuceno, Goianá, Rio Novo, Santana e Vargem Grande, entre outros. Os solos do município estão classificados em: Latossolo Vermelho-Amarelo álico, Latossolo Vermelho-Amarelo distrófico, Podzolico Vermelho-Amarelo álico e Podzolico Vermelho-Amarelo distrófico e o Cambissolo álico. Quanto ao Latossolo Vermelho Amarelo compreende solos minerais, não hidromórficos com horizonte B latossólico, apresentando relação molecular KI baixa, inferior a 1,9 de coloração variando do vermelho ao amarelo e gamas intermediarias. São normalmente muito profundos ou profundos, com seqüências de horizontes A, B e C e com transições entre difusas e graduais, acentuadamente a bem drenados. Em sua maior parte estes solos da área são álicos, ou seja, com percentagem de saturação com alumínio superior a 50%, atingindo até valores próximos a 95%. Os solos distróficos, com saturação de bases inferior a 50%, ocupam também posição de importância na área, enquanto os eutróficos não foram identificados. Apresentam avançado estágio de intemperismo, com predominância de minerais de argila do tipo 1: 1, baixa quantidade de minerais primários e baixa reserva de elementos nutritivos para as plantas. Estes solos, apesar do relevo bem movimentado que possuem, são bastante utilizados com pastagens, culturas de café e milho. Já o Podzolico Vermelho-Amarelo compreende solos minerais com horizonte B textural, não hidromórficos, normalmente com argila de atividade baixa (Tb), usuamente profundos, com seqüência de horizontes A, B e C e são bem a moderadamente drenados. Estes solos apresentam horizonte A moderado.A textura do horizonte A é média a muito argilosa, enquanto a do horizonte B é franco-arenosa ou mais fina, ocorrendo inclusive solos com mudança textural abrupta. Com relação à saturação de bases, encontramos na área, pela ordem de extensão geográfica que ocupam, solos álicos (saturação co alumínio maior 50%) e distróficos(saturação com alumínio menor 50%). Estão situados em áreas de relevo predominante forte ondulado,ocorrendo também em menor proporção o relevo montanhoso. Com relação ao Cambissolo álico, compreende solos minerais com horizonte B câmbico ou incipiente, não hidromórficos e com pouca diferenciação de textura do horizonte A para o horizonte B. São solos com certo grau de evolução, porém não suficiente para meteorizar completamente minerais primários de fácil intemperização como feldspatos, micas e outros, não possuem acumulação significativa de óxidos de ferro, húmus e argilas. Apresentam seqüência de horizontes A, B e C, ocorrendo com mais freqüência o tipo de horizonte A moderado. Possuem textura média ou argilosa, são bem a moderadamente drenados e rasos a profundos. São álicos, com saturação com alumínio maior que 50%. Ocorrem nas regiões serranas em relevo montanhoso e escarpado e nos planaltos em relevo menos movimentado, forte ondulado. De um modo geral, estes solos não são utilizados agricolamente, apresentando como fatores limitantes ora o relevo acentuado ora o excesso de alumínio. Como uso mais adequado recomendam-se pecuária extensiva e reflorestamento ou ainda como áreas para preservação de ambientes ecológicos."
Geografia,"Características
 O município de Chácara/M.G. localiza-se no sudeste da Zona da Mata Mineira, na Microregião de Juiz de Fora, sendo o centro urbano localizado em um vale recortado pelo córrego São Sebastião, cuja denominação nos remete ao padroeiro deste município. A localização geográfica da sede municipal, a 21° 40’ 19” S e 43° 13’ 19” O, a aproximadamente 15 quilômetros de Juiz de Fora, é privilegiada em relação a importantes capitais como o Rio de Janeiro e Belo Horizonte, além de outros centros urbanos como Coronel Pacheco/M.G. e Goianá/M.G.. Com área de 152,88 quilômetros quadrados e altitudes que variam entre 639 metros na foz do Córrego Água Limpa e 1023 metros na nascente do Ribeirão das Rosas, Chácara tem como municípios limítrofes: Goiana ao norte, Coronel Pacheco a noroeste, Juiz de Fora a oeste, Bicas a sudeste e São João Nepomuceno a nordeste. O município é um dos integrantes da Associação dos Municípios da Micro-Região do Vale do Paraibuna – AMPAR, com os acessos rodoviários feitos pelas rodovias estadual MG-353 e federal BR-040, ambas a partir de Juiz de Fora, além de itinerários através de estradas municipais, inclusive com ligação direta até a BR-267.
 A população de Chácara, é de 2.792 habitantes, de acordo com o I.B.G.E., senso de 2010, sendo que destes, 1.903 moram na Zona Urbana e 889 moram na Zona Rural. Já a população residente por sexo é em maior número masculina, 1.410 homens e 1.382 mulheres. Ainda de acordo com o censo de 2010, quando ao Índice de Desenvolvimento Humano Municipal (IDH-M), este equivale ao de Municípios com IDH médio, ou seja, com um IDH igual a 0,664. Dentre os fatores que contribuíram para este índice, a educação é destaque passando o IDH-M em 2000 de 0,373 para IDH-M em 2010 de 0,512.
 Como em outros municípios da região, na atualidade, as proporções e a dinâmica da população urbana e rural são muito diferentes, com decréscimo acentuado desta última, particularmente a partir dos anos 70. Acrescido a este fato, vale mencionar que, nos últimos anos, o município teve uma progressiva redução populacional como ressaltado inicialmente. Entretanto, novos empreendimentos como o Colorado, que inserem uma dinâmica urbanizada no contexto rural, mesmo sem a dotação de infraestruturas, pode ser um componente atrativo para populações.
 A organização político-administrativa do Município compõe-se da Sede Municipal caracterizada pelo centro urbano concentrado, numa posição relativamente central, como mencionado e oito regiões com lugarejos. Ao norte, temos São José do Cágado e Tabocas; a noroeste São Fidelis, Santana e outros lugarejos como Água Limpa, Barra, Boa Vista, Durandet, Pinheiros; a leste Campo Belo, ao sul, Morro Vermelho, a sudoeste Chão Frio (Marmelo) com os lugarejos de Sossego e Vargem Alegre, a oeste, Mato Virgem com os lugarejos de Araras, Aracaju e Roncador. Estas regiões não possuem perímetro delimitado e o fato de cada uma destas ter possuído escolas estaduais contribuiu para a regionalização da área rural. O perímetro urbano conforme utilizado pelo Censo 2000 foi delimitado da seguinte forma “...do ponto inicial segue pela rua Nicolau Falci, rua José Gonçalves Pinto, rua Antonio Duque, rua Coronel Onofre Augusto de Paula, estrada para São João Nepomuceno, sobre a encosta passando pelos fundos dos lotes das ruas José Portes da Silva e Antonio Pereira da Silva (ambas inclusive), atravessa a estrada para São Fidelis continua em reta até um ponto fronteirro ao canteiro direito do campo de futebol (inclusive), segue por outra reta, formando um ângulo de 90° até o início da rua Coronel Onofre Augusto de Paula, segue por esta até o ponto inicial.” Este perímetro foi alterado, tendo sido redefinido a partir de marco na praça central com raio de dois quilômetros abrangendo o atual perímetro urbano."
História,"Bandeira e Brasão
 A Lei Municipal nº 188, de 05 de setembro de 1980, criou o Brasão e a Bandeira do Município de Chácara com as características próprias do Município. Leia o texto abaixo na íntegra e entenda o significado de cada simbologia do Brasão e da Bandeira do Município de Chácara.
 
 Lei nº 188, de 05 de setembro de 1980
 
 “Cria o Brasão e a Bandeira do Município de Chácara”.
 
 A Câmara Municipal de Chácara, por seus Vereadores DECRETOU e eu, Prefeito do Município de Chácara, sanciona a seguinte Lei:
 
 Art. 1º - Ficam criados o Brasão e a Bandeira” do Município de Chácara, Estado de Minas Gerais.
 
 Art. 2º - Fica o Senhor Prefeito Municipal, autorizado a mandar confeccionar o “Brasão e a Bandeira” do Município de Chácara, Estado de Minas Gerais, em quantos números se fizer necessárias.
 
 Parágrafo Único: Deverão constar no Brasão os seguintes símbolos:
 
 1º - Côroa Moral de Argente (Prata) de quatro Torres;
 
 2º - Escudo Francês nos esmaltes e metais – azul – vermelho – prata - ouro (argente e falde), dividido em quartéis, tendo no primeiro quartel:
 
 a) Esfera armilar manoelina com 03 (três) FLEXAS que suplicaram São Sebastião, Padroeiro da Cidade;
 
 b) Barreto Representativo da República – Democracia;
 
 c) No segundo quartel, Corôa de Barão, lembrando o Barão do Retiro, vulto Ilustre de grande influência na região, à baixo da Corôa Escudeto com lisonja - “Peça feminina que lembra Dª. Iria, (doadora do terreno onde está construída a cidade);
 
 d) No terceiro quartel - Montanhas cristalizadas representando uma das riquezas da nossa terra;
 
 e) Faixa ondeada em Argente Prata, representando o Rio do Cágado que nasce neste Município de Chácara;
 
 f) No quarto quartel - uma cabeça de gado representando nossa pecuária. E um arado representando nossa agricultura;
 
 g) Nas laterais ramas de café ao natural;
 
 h) Listel em argente (prata) com o topônimo e data de Emancipação do Município;
 
 A Bandeira terá forma de Pendão da cor branca, simbolizando povos e cidades; suas cores deverão ser branca e vermelho as mesmas cores da Bandeira do Estado de Minas Gerais, sendo o branco símbolo universal da Paz e o vermelho coragem e intrepidez à luta pelo desenvolvimento do Município.
 
 Art. 3º - As despesas decorrentes desta Lei correrão pode conta de dotações do Orçamento vigente.
 
 Art. 4º - Revogadas as disposições em contrário, esta Lei entrará em vigor na data de sua publicação.
 
 Prefeitura Municipal de Chácara, 05 de setembro de 1980.
 
 Ass. Francisco de Almeida Bessa – Prefeito Municipal
 
 Maria Aparecida Mostaro Terra - Secretária"
História,"Título: Te amo cidade querida!
 
 Autor: Sebastião Fonseca de Paula
 Lei n° 747 de 29/12/2008
 
 
 Cumprimento-te Chácara amada,
 o seu povo querido e viril.
 Não te troco no Mundo por nada.
 Tu és grandeza do meu Brasil!
 
 Deus te deu a beleza e a fama,
 e o povo se encanta ao te ver.
 Ao sentir tua voz que me chama,
 juro que sinto por tí, um prazer!
 
 Tu tens Matas! Tu tens Cachoeiras!
 Tu tens belezas para admirar!
 Tu tens morenas lindas faceiras!
 Que faz nosso povo invejar. (refrão)
 
 A natureza bordou de verdade,
 sua beleza de um belo esplendor.
 Quem te deixa só sente saudade.
 Quem te busca só morre de amor.
 Se eu morrer e tiver outra vida,
 pra Chácara, eu quero voltar.
 
 Eu te amo Cidade querida!
 Quero pra sempre, contigo ficar.
 Tu tens Matas! Tu tens Cachoeiras!
 Tu tens belezas para admirar!
 Tu tens morenas lindas faceiras!
 Que faz nosso povo invejar. (Bis)"